Review ID,Store,Rating (1-5),Title,Review Text,Date,App Version,Language,PII Stripped,Suspicious,Week Number
c26c259072bdb7131d9b934dd2b41bc59b332ed449a300fa1351d4cc7edece40,ios,1,,Refund not processed after 10 days. Support keeps saying it is under process only.,2026-02-08,5.35.0,en,1,0,5
0e9d5f50da6f2d1b5cb78e039184fd69fa1d4c376ae40732ad427b2d9c8c984b,ios,1,,App crashes every time during market hours. Cannot place orders due to crashes.,2026-02-08,5.35.0,en,1,0,5
0f80b4d8ac80bc0efa6680df461c79df2100c03e0a5b3fe90c7ef312096c918f,android,1,,Video KYC not working at all. App crashes during the verification process always.,2026-02-08,5.35.0,en,1,0,5
bf19961a07d899eb37bca40d7b9be515700e1864d66b75d51bd8ea04e74300e6,ios,1,,Money deducted from bank but investment not done. Transaction shows failed status.,2026-02-08,5.35.0,en,1,0,5
b383b9eec470325633109593658432a8ea4ceef15681ec0a687fda6f4b82a179,ios,1,,Transaction stuck in processing state for 48 hours. No update no resolution given.,2026-02-08,5.35.0,en,1,0,5
79dfb89089d8a7fdf0005fd8cc35120fc534842e5af9d096f23fc8bba048418e,android,1,,Customer support completely useless. Only bots reply. No human agent available.,2026-02-08,5.35.0,en,1,0,5
c0700fe227b168f2994e31888d71d881223109b7f3cefabbca1dda3e45d753f6,ios,1,,Aadhaar verification keeps failing. Cannot complete KYC despite multiple attempts.,2026-02-08,5.35.0,en,1,0,5
0dce05c51d7da8c5069ed517c49a7bc96d8092d562bb6679373e24b48e0a1b6e,ios,1,,Customer support completely useless. Only bots reply. No human agent available.,2026-02-08,5.35.0,en,1,0,5
926823c58850c02f5cb717c7893ec3767afce82ca0e51d135e441f7594fd5be2,ios,1,,Redemption amount not received after 7 days. Extremely poor payment processing.,2026-02-08,5.35.0,en,1,0,5
fef8d60890ea10e80428f2cdc84de16b1361e72997b840f8f6b54c7d2b3077fb,ios,1,,Aadhaar verification keeps failing. Cannot complete KYC despite multiple attempts.,2026-02-08,5.35.0,en,1,0,5
3bbed2889cbd8701456ed725a80bd1e7297a48177f8a35a71658d5a21b9408f9,ios,1,,KYC verification stuck for 3 days. Documents uploaded but no update from team.,2026-02-08,5.35.0,en,1,0,5
369cd0193ddf195bb42b928a5fc87145f9175237865d637f8cac755672dd8442,ios,1,,KYC verification stuck for 3 days. Documents uploaded but no update from team.,2026-02-08,5.35.0,en,1,0,5
bb3ba6c1ea59933bfc2356a720babb6dc6b3f6ead16821fd938ced2072e26d6f,ios,1,,SIP amount deducted twice this month. Double deduction happened without any reason.,2026-02-08,5.35.0,en,1,0,5
b3ccbce464c767ed4500d60814c82055519d326ffe88f22cadc31769705782da,ios,1,,Money deducted from bank but investment not done. Transaction shows failed status.,2026-02-08,5.35.0,en,1,0,5
22ea1d7c5e8a51b9b65424598e1f9df35983c68af7561f0b01c4551dbbc76472,android,1,,SIP amount deducted twice this month. Double deduction happened without any reason.,2026-02-08,5.35.0,en,1,0,5
71174e179378552efbeac6b57e9298d55dd2ce3b7ae44dd5ea2de19de53a518c,ios,1,,Customer support completely useless. Only bots reply. No human agent available.,2026-02-08,5.35.0,en,1,0,5
fe3278758336cc062bafbe3af9050525545d85a55debd981af7fccc647125658,android,1,,Black screen appears after login. Have to restart phone to get app working again.,2026-02-08,5.35.0,en,1,0,5
832a493ad5b52670f81fc3d9e45a5a458e9cd5bdd608d03f57ba9a739b030af4,android,1,,SIP amount deducted twice this month. Double deduction happened without any reason.,2026-02-08,5.35.0,en,1,0,5
8b0042636b17dd2d570f1479a495c3995abc31db7f469570173e76654a4b87ac,ios,1,,KYC verification stuck for 3 days. Documents uploaded but no update from team.,2026-02-08,5.35.0,en,1,0,5
9fe8eccbfa398a7fff65ab22acf6bc6f06812aa421705a359e8a6c231934933c,ios,1,,Video KYC not working at all. App crashes during the verification process always.,2026-02-08,5.35.0,en,1,0,5
a63cfcccce1b1f7c5eb7153151559d8eda8249b627b23dfec30ad915009f5739,android,1,,Black screen appears after login. Have to restart phone to get app working again.,2026-02-08,5.35.0,en,1,0,5
1ea0a4bea6b23032972db08413ec08b70f82f79f3f2301facfe938165827df12,ios,1,,Refund not processed after 10 days. Support keeps saying it is under process only.,2026-02-08,5.35.0,en,1,0,5
33da455c2447362caa3205bede789612f21693b1e740870838bafb29edc7e28e,android,1,,SIP amount deducted twice this month. Double deduction happened without any reason.,2026-02-08,5.35.0,en,1,0,5
483e9220714fecfabc204aabc8e319cce6cf06dbbc9a8696a2b084b53caf4260,ios,1,,Aadhaar verification keeps failing. Cannot complete KYC despite multiple attempts.,2026-02-07,5.35.0,en,1,0,5
4d3112b8a8a8e535d3f1389a06947be399434f3785f2aed4c7163fc1211e1512,android,1,,Customer support completely useless. Only bots reply. No human agent available.,2026-02-07,5.35.0,en,1,0,5
52d6958d4f08b6b7023871e75f818b54075cee3b4102fed94ed42cb6cd646abd,ios,1,,OTP not received on registered mobile number. Cannot login to my account at all.,2026-02-07,5.35.0,en,1,0,5
957911f25881b41ce80d25392c48f3a44c7031c426b7aa35bd8a1d32236d815a,android,1,,Money deducted from bank but investment not done. Transaction shows failed status.,2026-02-07,5.35.0,en,1,0,5
5f24baaa6b956b66b1c95ff05235754ae29692528b8986ea1eb3f89b0c207907,ios,1,,OTP not received on registered mobile number. Cannot login to my account at all.,2026-02-07,5.35.0,en,1,0,5
6f38b0870584e5a6ce2d47d9d6ae749dbb2eb26431bba2cc30022fdee331b560,android,1,,Video KYC not working at all. App crashes during the verification process always.,2026-02-07,5.35.0,en,1,0,5
3e4a0d22dfc0e366b9417ff1b88165f8c27b5db181691340f32900bfc390409e,ios,1,,Aadhaar verification keeps failing. Cannot complete KYC despite multiple attempts.,2026-02-07,5.35.0,en,1,0,5
a39c2108f90c981308e139a6aca37ac0f1c5ecbf2577620b67a677a9e6f1b8f6,android,1,,Black screen appears after login. Have to restart phone to get app working again.,2026-02-07,5.35.0,en,1,0,5
86b2d013f39365a1d7c9cea7456d3ac210680a32f4ccc75bf48b6c8d38fcb22e,ios,1,,Black screen appears after login. Have to restart phone to get app working again.,2026-02-07,5.35.0,en,1,0,5
716e8cd8613a7a59432e766651a35ea121f2460b55a05da4cb8653b307576505,ios,1,,Redemption amount not received after 7 days. Extremely poor payment processing.,2026-02-07,5.35.0,en,1,0,5
d005268f447501f5a1960a9d3c8f039662a0c8ce3579a2ca4ee6e3ec88eb3fed,ios,1,,SIP amount deducted twice this month. Double deduction happened without any reason.,2026-02-07,5.35.0,en,1,0,5
64c81eb104bd008c656cddc6b87edc8ce8d6f785c68e3a269d1d96275ec5ca68,ios,1,,Email support non-existent. Sent 3 emails with no reply. Disappointed with Groww.,2026-02-07,5.35.0,en,1,0,5
e4db5ad0f37e74a5368097cc92a9a82c6223278b9e9f5e2f1e1e2f0f77d3d601,android,1,,OTP not received on registered mobile number. Cannot login to my account at all.,2026-02-07,5.35.0,en,1,0,5
bc9bcbc145740b43d4a522f08b7a85b76d93aaa5970dd39bd812c313c853d528,android,1,,Aadhaar verification keeps failing. Cannot complete KYC despite multiple attempts.,2026-02-07,5.35.0,en,1,0,5
5418acd9406657e41062014802aded881922e7eb1dbbb8d5153ff9959cbbd8dc,android,1,,Money deducted from bank but investment not done. Transaction shows failed status.,2026-02-07,5.35.0,en,1,0,5
4637826b83b4a3816dc6f4333878da25fed3921adaddcacbcd59c306e622b8f7,ios,1,,Money deducted from bank but investment not done. Transaction shows failed status.,2026-02-07,5.35.0,en,1,0,5
e890edd6706b805e0d66311c5e88b969acacd912d117e7204634052a87cb13b6,android,1,,Email support non-existent. Sent 3 emails with no reply. Disappointed with Groww.,2026-02-07,5.35.0,en,1,0,5
1b69575178a827e2401796ea1e72206b64fb35d7bf25c29629509795857ee0a6,ios,1,,Black screen appears after login. Have to restart phone to get app working again.,2026-02-07,5.35.0,en,1,0,5
751207cb146f0be57f154a2114d178a9b210c418f0900c802ce888dcdaac45ca,ios,1,,Withdrawal pending for 5 days. Urgently need money but no response from support.,2026-02-07,5.35.0,en,1,0,5
7835244b6ff528c332bbedc6e2b1c46da5f15ffe3c5c154c8777f907556fdbf1,android,1,,Account opening rejected without any reason. Resubmitted 3 times still failing.,2026-02-07,5.35.0,en,1,0,5
337fc3db06bb12a6b6b1181ea8b928a2031fdb63945ada7ea39cf45b143f0e37,android,1,,Raised ticket 7 days ago. No response received. Very poor customer service.,2026-02-07,5.35.0,en,1,0,5
a4b49a2dbb145e64ce87ad0bb3b29fb306d1f08fca5d44b19c96342dc30f28b5,android,1,,UPI payment failed but amount debited from my account. Need immediate refund.,2026-02-07,5.35.0,en,1,0,5
255d00bbae3cbdfb72a2dc82e9d7c9b0ed9f49a72a65a90a9f76cf0b2973924e,ios,1,,Money deducted from bank but investment not done. Transaction shows failed status.,2026-02-07,5.35.0,en,1,0,5
20551fa2bde77664c7843efc44e0309a8619a2fd6ad88d487b79b9931a0cdb0d,android,1,,Refund not processed after 10 days. Support keeps saying it is under process only.,2026-02-07,5.35.0,en,1,0,5
d5aa4144973f2519546ced20e8bb6ae917fdb1a78a7258ecce39cb7183291339,ios,1,,Video KYC not working at all. App crashes during the verification process always.,2026-02-07,5.35.0,en,1,0,5
0d5c11fcbef046e0542dde9f4c33015acff16b466ff7e113c3218f3c98ff075a,ios,1,,Money deducted from bank but investment not done. Transaction shows failed status.,2026-02-07,5.35.0,en,1,0,5
a105404b5845a1da1c1948bcfe8c6dba700f58f29ac91ebe79b134d827e28406,android,1,,Withdrawal pending for 5 days. Urgently need money but no response from support.,2026-02-07,5.35.0,en,1,0,5
99b147abd62f8d6d427cc8e841c33d45427a3d33df43857ed2185cc3ed7f0f4b,ios,1,,Customer support completely useless. Only bots reply. No human agent available.,2026-02-07,5.35.0,en,1,0,5
fa8615da9442ce2b2c9aa0b0e2e29b75878bad61fc99262e6a255ed0fd8e8d4e,ios,1,,Refund not processed after 10 days. Support keeps saying it is under process only.,2026-02-07,5.35.0,en,1,0,5
da020bbb1840f7f880230fda5da8b18a35e5e4210dc636328451d9dfad17b685,ios,1,,App crashes every time during market hours. Cannot place orders due to crashes.,2026-02-07,5.35.0,en,1,0,5
b8b8f43f9e4585aa96e0be3a1d5b6763afc2b2b626974b367b1cb962deee864c,android,1,,Refund not processed after 10 days. Support keeps saying it is under process only.,2026-02-06,5.35.0,en,1,0,5
aab615b28149e55213d496ce85673c1139c42096ab58d728caa0e7dc6944242c,android,1,,Raised ticket 7 days ago. No response received. Very poor customer service.,2026-02-06,5.35.0,en,1,0,5
41f9f6c4f744100e02e3b79e03b925984bfb93fa7bce04c58b60bf58d7d483a6,ios,1,,Aadhaar verification keeps failing. Cannot complete KYC despite multiple attempts.,2026-02-06,5.35.0,en,1,0,5
84559082d85ee2572a4da5a54d5f3fdef193233b72e4e369a3537d0c7839be0f,ios,1,,Raised ticket 7 days ago. No response received. Very poor customer service.,2026-02-06,5.35.0,en,1,0,5
363765294cbc0dc2ca64269e66ef1bff1aaca8765a064f1fcc1a45dd763a4225,android,1,,Money deducted from bank but investment not done. Transaction shows failed status.,2026-02-06,5.35.0,en,1,0,5
bf2ba228558a916b6e8d59c18c722d848adc0be9df6be821865f9ccc41dbe2e4,android,1,,Email support non-existent. Sent 3 emails with no reply. Disappointed with Groww.,2026-02-06,5.35.0,en,1,0,5
bfc1c8ad68063addff23a0a1d02c604bac363eefaed7445ae373ae589b54efb5,android,1,,Video KYC not working at all. App crashes during the verification process always.,2026-02-06,5.35.0,en,1,0,5
918197e897b8d5b1609bd3e41514c0c284853a0047765862f2ba029ac93e74cd,android,1,,Email support non-existent. Sent 3 emails with no reply. Disappointed with Groww.,2026-02-06,5.35.0,en,1,0,5
01419153907e30374ec28e1d742541c6421afa7afccefe3caa37971b2f996068,ios,1,,Money deducted from bank but investment not done. Transaction shows failed status.,2026-02-06,5.35.0,en,1,0,5
8f7036ca477766e89925e3d3cee8ba738e55d8b5ce8b8d7d3a79519071306970,ios,1,,Refund not processed after 10 days. Support keeps saying it is under process only.,2026-02-06,5.35.0,en,1,0,5
aaa80f86025fb5896f50e0caa6a24364f302d1f16e45943e6eb0d0442fba5501,ios,1,,Money deducted from bank but investment not done. Transaction shows failed status.,2026-02-06,5.35.0,en,1,0,5
81697f2954fef1b98bee1916db59e72c5d4c3ed497a3b7db639086dc28252fe4,android,1,,Account opening rejected without any reason. Resubmitted 3 times still failing.,2026-02-06,5.35.0,en,1,0,5
b32b810ccba468e97ffa85574bb5f3e0c80d4a428eddead6f0971f8a66f61515,android,1,,Refund not processed after 10 days. Support keeps saying it is under process only.,2026-02-06,5.35.0,en,1,0,5
53443fcfba880013bb5dfac693dd99c22825861b7e9746206bf1611fe5d3190d,ios,1,,Withdrawal pending for 5 days. Urgently need money but no response from support.,2026-02-06,5.35.0,en,1,0,5
3a5bb11220ddb31d6cd93b97ebb07795062f0e41b1190d4e760fb44d545b8d26,android,1,,Withdrawal pending for 5 days. Urgently need money but no response from support.,2026-02-06,5.35.0,en,1,0,5
139a3c420b5952c4e797d4c7fd79e7889d0f2e25ae598d11eed7192fcfbb3a40,android,1,,App crashes every time during market hours. Cannot place orders due to crashes.,2026-02-06,5.35.0,en,1,0,5
850ef0174e06ec8cac7549e206664ecb7ded4e1d1582f4924f38e66e1c223277,android,1,,App crashes every time during market hours. Cannot place orders due to crashes.,2026-02-06,5.35.0,en,1,0,5
1faec5ac61605586c7a27f3bcca28c0b0a84dbec5e24a83bfbeb371eea41d3ec,ios,1,,SIP amount deducted twice this month. Double deduction happened without any reason.,2026-02-06,5.35.0,en,1,0,5
f4497edefb3a46f32d8856292ad720132ef388978b399ec1361a02d21da54c42,android,1,,Customer support completely useless. Only bots reply. No human agent available.,2026-02-06,5.35.0,en,1,0,5
25658200bf8693d1c59e110c41053308b18130af204f20fddfee619c770bae34,ios,1,,Black screen appears after login. Have to restart phone to get app working again.,2026-02-06,5.35.0,en,1,0,5
6782c38bdb891f3a0a49e133c7a45cf8ae04572ac06cc74530d6bda408ab4575,android,1,,Raised ticket 7 days ago. No response received. Very poor customer service.,2026-02-06,5.35.0,en,1,0,5
134189c0279636d8b6be6d31c11d2679eb7bebc0c6f6eb7c8ea4830dfa34cc42,android,1,,Raised ticket 7 days ago. No response received. Very poor customer service.,2026-02-06,5.35.0,en,1,0,5
6baea323e0115b58bfbb8b948e859ccd756b1152b5115fde4ce5c55fcd8e65d9,ios,1,,Withdrawal pending for 5 days. Urgently need money but no response from support.,2026-02-06,5.35.0,en,1,0,5
7e63f7a7b4bcc7176e91564ea0c955b267194e4818900a2f7a39dac687849e71,android,1,,App crashes every time during market hours. Cannot place orders due to crashes.,2026-02-05,5.35.0,en,1,0,5
181d61a4b8a0037b80dfe76ff6c9d9fd40917e985c6237ca88f0c1417f02bfd0,ios,1,,Customer support completely useless. Only bots reply. No human agent available.,2026-02-05,5.35.0,en,1,0,5
a13f8c852ee19a3c1c9f22849623ea8292aee221f83757951ec50f24cfa1ac24,android,1,,UPI payment failed but amount debited from my account. Need immediate refund.,2026-02-05,5.35.0,en,1,0,5
e2559869cc7ce1efd8e94595a372548f2be637fc57e1572824d194002e4a2951,android,1,,App crashes every time during market hours. Cannot place orders due to crashes.,2026-02-05,5.35.0,en,1,0,5
dbdd02fb63e0afae912616abe57fc5a2c293296caca46f5536a4ce69a1ec4cd3,ios,1,,Account opening rejected without any reason. Resubmitted 3 times still failing.,2026-02-05,5.35.0,en,1,0,5
9d277046783c08c8936915abbe403d3c1a9eb69cfbb72ee25ecd5b69ad861be3,android,1,,Black screen appears after login. Have to restart phone to get app working again.,2026-02-05,5.35.0,en,1,0,5
2c949f8f6621e6058d89bb8b2bcc4511c25dd754cc74aa8f6359de62f2efd071,ios,1,,OTP not received on registered mobile number. Cannot login to my account at all.,2026-02-05,5.35.0,en,1,0,5
ca8177687449b721edd74100570107739099beae76f2f596434b4a1225fafbb9,android,1,,Refund not processed after 10 days. Support keeps saying it is under process only.,2026-02-05,5.35.0,en,1,0,5
36025300ddf7c58c098ada96e1de995be9556ebced12e8315bd6950d7df9cc4d,ios,1,,Black screen appears after login. Have to restart phone to get app working again.,2026-02-05,5.35.0,en,1,0,5
9343de6c367a5a752ee9b25d0becb05d98294ecb3b05949b50daa8b553c90fb8,ios,1,,KYC verification stuck for 3 days. Documents uploaded but no update from team.,2026-02-05,5.35.0,en,1,0,5
346fe2ed000bff77754ff3044ac6d249bf8fc4bff60f0ca8750806bb8db9368e,android,1,,SIP amount deducted twice this month. Double deduction happened without any reason.,2026-02-05,5.35.0,en,1,0,5
bdfeeee296f3b776109497fe06ec0f479d299515ca398dbf838ad556059af1e8,ios,1,,Redemption amount not received after 7 days. Extremely poor payment processing.,2026-02-05,5.35.0,en,1,0,5
78d837cda468f0cc7c02444bf6574a97d759f123c73ab65fde848c07d0f10cf8,ios,1,,UPI payment failed but amount debited from my account. Need immediate refund.,2026-02-05,5.35.0,en,1,0,5
3e84235def68ec72cc8d746fdbe02672cfea3a9681ea3ff583c68e39eac1b372,android,1,,Refund not processed after 10 days. Support keeps saying it is under process only.,2026-02-05,5.35.0,en,1,0,5
b998f65f53b5cfa14a7cd110740a62101e4666553c644bff775cfb99c37e4991,android,1,,UPI payment failed but amount debited from my account. Need immediate refund.,2026-02-05,5.35.0,en,1,0,5
a3be7d6bec3cbe4d5ea0c7fe636ed07152854de20c56bc73db3f90edf2a5b42b,ios,1,,Redemption amount not received after 7 days. Extremely poor payment processing.,2026-02-05,5.35.0,en,1,0,5
420f5d8a398b0d1376d41b2aeee5d6e5d3be318845324128bce4c256af2a7e49,ios,1,,SIP amount deducted twice this month. Double deduction happened without any reason.,2026-02-05,5.35.0,en,1,0,5
0f9117def6c8b2af42b988d81a8bf15cccce3adf59d75955e998a907bf847b91,android,1,,OTP not received on registered mobile number. Cannot login to my account at all.,2026-02-05,5.35.0,en,1,0,5
3d25fef0f9f6357c453374a3eb20a886fb218640b2e1cab48ab33a9ea1e8d232,ios,1,,Email support non-existent. Sent 3 emails with no reply. Disappointed with Groww.,2026-02-05,5.35.0,en,1,0,5
bf82a7d8c9241264a58c6eea6e22d81801c025772ca6aaeec8ae7c99f0f7453a,android,1,,Raised ticket 7 days ago. No response received. Very poor customer service.,2026-02-05,5.35.0,en,1,0,5
c70686b574103007eedb31fa9b274d7766e3eab7136bdf5f4dd82657db8c030b,android,1,,Video KYC not working at all. App crashes during the verification process always.,2026-02-05,5.35.0,en,1,0,5
fd8eec31d10bc0894643a964b2231417f841f1327049ed5dfe5ffe5525fbba5c,android,1,,Transaction stuck in processing state for 48 hours. No update no resolution given.,2026-02-04,5.35.0,en,1,0,5
a58b6705c13077dbc0a10564ab027efe2c27c3bfa6b425b55d060dbc6648ee6a,android,1,,Customer support completely useless. Only bots reply. No human agent available.,2026-02-04,5.35.0,en,1,0,5
05e2d0a2033180cd7e15f2db452896df887cc5beb32636ad69fe6aa48b1e0033,android,1,,OTP not received on registered mobile number. Cannot login to my account at all.,2026-02-04,5.35.0,en,1,0,5
abe0a0b2806d6b06108db58c7bbc1bcabd75c36b457b5f84d1f9784e75b450a2,ios,1,,Email support non-existent. Sent 3 emails with no reply. Disappointed with Groww.,2026-02-04,5.35.0,en,1,0,5
2e0737124b2f675f6aa75e79dc1b83d6a19ecbb4bc966878ff2d0ead439a868b,ios,1,,Money deducted from bank but investment not done. Transaction shows failed status.,2026-02-04,5.35.0,en,1,0,5
1be20d04c03652edb682e8a9314fab13f6a816b758a2d8c21d2576a740e8aa65,android,1,,App crashes every time during market hours. Cannot place orders due to crashes.,2026-02-04,5.35.0,en,1,0,5
f6d029bf3a94f19f2a6ded28d61b04ed7dd935773f01c25da9aca2ae94aabaff,android,1,,KYC verification stuck for 3 days. Documents uploaded but no update from team.,2026-02-04,5.35.0,en,1,0,5
45c10921dc40788febe33ba96a1ea3e864567bb957a854523391dc5f645a1db7,android,1,,Customer support completely useless. Only bots reply. No human agent available.,2026-02-04,5.35.0,en,1,0,5
fc93b120f4c2a5905efb31e07076f15cbc49d447302bc682dd79417d789ce11a,ios,1,,App crashes every time during market hours. Cannot place orders due to crashes.,2026-02-04,5.35.0,en,1,0,5
e7bf008a57980dd00e8e4ccb6972c19acc10d403f2f00013d5a8b6c250fa7559,ios,1,,Transaction stuck in processing state for 48 hours. No update no resolution given.,2026-02-04,5.35.0,en,1,0,5
e961585cc2899c78c67b0a7c49c35ccf9d412362924dc103d3eddcc7946d9e10,ios,1,,Redemption amount not received after 7 days. Extremely poor payment processing.,2026-02-04,5.35.0,en,1,0,5
4e47efcf4032611e6b3f21baeb288d1830243f62aefe2aa7ddc428c37c20fb9e,android,1,,Customer support completely useless. Only bots reply. No human agent available.,2026-02-04,5.35.0,en,1,0,5
a1e61ae4386e66bf702c587341dfe94304f5532325cfc371de0e5bf57d6cd76f,android,1,,Redemption amount not received after 7 days. Extremely poor payment processing.,2026-02-04,5.35.0,en,1,0,5
b68c54d95c6bd2ec144bba54bf5d21fd639ff453d4b3a4463b772c68ee8cdbd8,android,1,,Withdrawal pending for 5 days. Urgently need money but no response from support.,2026-02-04,5.35.0,en,1,0,5
25a250913ecd10a1411ae6da6e682dfb5bf7f7c7678920fb3657c60cdfde65eb,ios,1,,Money deducted from bank but investment not done. Transaction shows failed status.,2026-02-04,5.35.0,en,1,0,5
1ec0faed20644dd67c6f1e16d9778f98d4f12bf425e4247a3e5fdcbc3fbdf6eb,android,1,,Aadhaar verification keeps failing. Cannot complete KYC despite multiple attempts.,2026-02-04,5.35.0,en,1,0,5
50815fc21ecc61871c999b91c3bbd0e3b07e35575a0b2f59cf665d243b84c4b4,ios,1,,Transaction stuck in processing state for 48 hours. No update no resolution given.,2026-02-04,5.35.0,en,1,0,5
5f25239ec19e18a44c82615125e5684ae3c2e51cb0dbd8272dda6672b7791405,ios,1,,Redemption amount not received after 7 days. Extremely poor payment processing.,2026-02-04,5.35.0,en,1,0,5
bf81f509b59582e4d908f18ed73c20f1ba3c9c68f17438289beab36b38e89f9b,android,1,,Video KYC not working at all. App crashes during the verification process always.,2026-02-04,5.35.0,en,1,0,5
518b2c1f2cbea7342e0729010d295c40c34ea43a7b52cf5bfff371864a79fa69,ios,1,,OTP not received on registered mobile number. Cannot login to my account at all.,2026-02-04,5.35.0,en,1,0,5
419ea313b3b76538bf8d2b377f21c316f36d86eff5e4207ee9bbfe9f1dd18ae3,ios,1,,Transaction stuck in processing state for 48 hours. No update no resolution given.,2026-02-03,5.35.0,en,1,0,5
40798111a9e7d89569c5f74b39e8fdc9d490ec530f22a6521835ace233f563fe,ios,1,,Black screen appears after login. Have to restart phone to get app working again.,2026-02-03,5.35.0,en,1,0,5
3ee0d436228532d285b892ddfa57e0991a7f6a3522ec03abf98af6d77d7f9049,android,1,,SIP amount deducted twice this month. Double deduction happened without any reason.,2026-02-03,5.35.0,en,1,0,5
8c9b6dd0d02982db5d1c90daec7292c660868327e54721996e337918b30f352f,android,1,,Withdrawal pending for 5 days. Urgently need money but no response from support.,2026-02-03,5.35.0,en,1,0,5
8cf4a0912f1242abd745efec37279daf561670d8215da745307d8b0e4c62bed0,ios,1,,Raised ticket 7 days ago. No response received. Very poor customer service.,2026-02-03,5.35.0,en,1,0,5
d805875085d1f024a112311c218cea42b99a922898e7ee94bd33bf1355ac036d,android,1,,OTP not received on registered mobile number. Cannot login to my account at all.,2026-02-03,5.35.0,en,1,0,5
19ba86de612c8acf427abed4c4cc09245dea21279bb14edcf471973d0fa28b0a,ios,1,,Aadhaar verification keeps failing. Cannot complete KYC despite multiple attempts.,2026-02-03,5.35.0,en,1,0,5
3428bbb82ec2f50b361050436009035dc59782f5b7480cc0fd794d3ebe4ea627,android,1,,Refund not processed after 10 days. Support keeps saying it is under process only.,2026-02-03,5.35.0,en,1,0,5
791e64635d7c3bb2f111637295ab7cc2be91fe9d62c684378b360cb0aa32e10c,ios,1,,Withdrawal pending for 5 days. Urgently need money but no response from support.,2026-02-03,5.35.0,en,1,0,5
f3e430e7fbf77de21030b06d1de4a8eb489964b4cd48aafb1e7af34b9d6aa2d4,ios,1,,Aadhaar verification keeps failing. Cannot complete KYC despite multiple attempts.,2026-02-03,5.35.0,en,1,0,5
b76414a343de0039a3cffd171e373b83bec6aec995e277ab3196140bca706328,android,1,,App crashes every time during market hours. Cannot place orders due to crashes.,2026-02-03,5.35.0,en,1,0,5
8af911239cec15b579b9838766dacf7cfe01f5ce14aadeb6b7045c38e421e04b,android,1,,Redemption amount not received after 7 days. Extremely poor payment processing.,2026-02-03,5.35.0,en,1,0,5
4bd3e50fedb98fc26cd34a7f6e3d233f952e42c999def1187d13ef271597c37a,ios,1,,Refund not processed after 10 days. Support keeps saying it is under process only.,2026-02-03,5.35.0,en,1,0,5
f9060f7a060a99c137df093eb532f47712c78cae52c1720b32e9a97f0aa17c13,ios,1,,App crashes every time during market hours. Cannot place orders due to crashes.,2026-02-03,5.35.0,en,1,0,5
667f81d5295f72086691470caa60f26f884950724b0ee8e1c394150d53ee8ad5,ios,1,,Raised ticket 7 days ago. No response received. Very poor customer service.,2026-02-03,5.35.0,en,1,0,5
38c5f59c88f1f6b26679c1ca1d0581fb1f5edf2cfc28891f931a125c94e41e33,android,1,,Money deducted from bank but investment not done. Transaction shows failed status.,2026-02-03,5.35.0,en,1,0,5
cf760bea5ef36bd4eda1212638ddb1cfa6ffefb5ba05b47605e6fb0791857961,ios,1,,Money deducted from bank but investment not done. Transaction shows failed status.,2026-02-03,5.35.0,en,1,0,5
0ca13cc33c69413b192defe8cf76cdf6cd40a965d62429726258d64f032b86bc,android,1,,Refund not processed after 10 days. Support keeps saying it is under process only.,2026-02-03,5.35.0,en,1,0,5
889cb4a2107dba5c560730d45c278bd49830acbc0316295b31a1d905395e3a04,android,1,,Money deducted from bank but investment not done. Transaction shows failed status.,2026-02-03,5.35.0,en,1,0,5
9078dfb2d3edee0f7f74c24f37999fd8a0bce6a98474e81379f32f0e8562ec3a,android,1,,KYC verification stuck for 3 days. Documents uploaded but no update from team.,2026-02-02,5.35.0,en,1,0,5
c538d2d7def7550b9a0eb1a309163119c25b20f04c535e430f5d04b101a06111,android,1,,Withdrawal pending for 5 days. Urgently need money but no response from support.,2026-02-02,5.35.0,en,1,0,5
f913c7b66cbf46e63a8b41dab9edf5ad53445419dcfbfb7fc27dfb743f12d3f2,ios,1,,Black screen appears after login. Have to restart phone to get app working again.,2026-02-02,5.35.0,en,1,0,5
38e46c9c6ffb416eed90c84d98601dee7cddad759ff4ac9b7f5011e2f2473a0c,ios,1,,Email support non-existent. Sent 3 emails with no reply. Disappointed with Groww.,2026-02-02,5.35.0,en,1,0,5
00a05ef4141f0d0e6c461c792d1e2b8910001de25a564c558e94f56b641952e2,android,1,,Refund not processed after 10 days. Support keeps saying it is under process only.,2026-02-02,5.35.0,en,1,0,5
58853be62f9f70dfc360f5176c2a2638efe1660f3ace48d99251a813415341c3,ios,1,,UPI payment failed but amount debited from my account. Need immediate refund.,2026-02-02,5.35.0,en,1,0,5
67443b39692d4c99375ced4f778353b1caeccbb69b4240c36ba0ae76a4c1f7a1,android,1,,Money deducted from bank but investment not done. Transaction shows failed status.,2026-02-02,5.35.0,en,1,0,5
79521f6d41b570cfcfa65f1ee3b7df2ba8903092d291bf93d4f406e8db9effb7,android,1,,Withdrawal pending for 5 days. Urgently need money but no response from support.,2026-02-02,5.35.0,en,1,0,5
d62d2e7c82202bcb62b649fe2ab374edb6dc07526536357e71ecdd0cdf68d68a,android,1,,Raised ticket 7 days ago. No response received. Very poor customer service.,2026-02-02,5.35.0,en,1,0,5
79482c678b48df459d099ed69c8267e1e5161e04133b89a6991020c7151fb3e0,ios,1,,Raised ticket 7 days ago. No response received. Very poor customer service.,2026-02-02,5.35.0,en,1,0,5
69ce591f15e50901b30597ac0914103183b01aa14ed5950f03d6aff250ae6f38,android,1,,Redemption amount not received after 7 days. Extremely poor payment processing.,2026-02-02,5.35.0,en,1,0,5
b61c7d1df0749cde7f0a97fd0b5b4e4a21cb2a09ea9b7b26a2abac2259b705c6,android,1,,Raised ticket 7 days ago. No response received. Very poor customer service.,2026-02-02,5.35.0,en,1,0,5
60cadef0733cd17dc2e462a867610acd24fea383b1c2729fdc2ec0f7e3e46f98,android,1,,Customer support completely useless. Only bots reply. No human agent available.,2026-02-02,5.35.0,en,1,0,5
af0da2b4d67a016b8c3599aba1d80149e7dbf8dad90c9876f6813f26e40b7d02,android,1,,Transaction stuck in processing state for 48 hours. No update no resolution given.,2026-02-02,5.35.0,en,1,0,5
87479f560c8c7844d06a800dd11892a0a127d3cfea9fca9b1bc38f0916e2b6cf,android,1,,App crashes every time during market hours. Cannot place orders due to crashes.,2026-02-02,5.35.0,en,1,0,5
f30b5aef3f8364605b8198550a1974e7afaf5bd2ba8251db49b0f944d7388945,ios,1,,App crashes every time during market hours. Cannot place orders due to crashes.,2026-02-02,5.35.0,en,1,0,5
e5f7e3ab0022d651c3d2ba29da815e88252331ae8531dc7b20900249a52a6fb0,android,1,,OTP not received on registered mobile number. Cannot login to my account at all.,2026-02-02,5.35.0,en,1,0,5
f84f2090975445aabad80271fdbdbc0d85e6da47d56e683215127a0e81085bea,ios,1,,Money deducted from bank but investment not done. Transaction shows failed status.,2026-02-02,5.35.0,en,1,0,5
df0886fefa77678aee025d724569509b5882433b16df9e5eaba9bd00824e944b,ios,1,,UPI payment failed but amount debited from my account. Need immediate refund.,2026-02-02,5.35.0,en,1,0,5
bf09adae83c996439253639425a09ec6a174bf283c8ff5a51845d61e0bd6f5e7,android,1,,Black screen appears after login. Have to restart phone to get app working again.,2026-02-02,5.35.0,en,1,0,5
ed5bcf79bbd1d5c5240ab3ad0fac4719d1461f8ef8ebb4dcfe65ad5aea22c99a,android,1,,Transaction stuck in processing state for 48 hours. No update no resolution given.,2026-02-02,5.35.0,en,1,0,5
9da2524d7aba00ff7aa1f6216705bab6261613405e50b28bfa4a57431ea7f1d9,ios,1,,Money deducted from bank but investment not done. Transaction shows failed status.,2026-02-02,5.35.0,en,1,0,5
c27c845e4192c2488362ea0802cc11edeae2a0c34fb1dc2a5b32106a14a20200,android,1,,Account opening rejected without any reason. Resubmitted 3 times still failing.,2026-02-02,5.35.0,en,1,0,5
01f3cc40c66c8d1c5506791ca5faad60d507ab23294ed639b03f325e4022a4ae,ios,1,,Money deducted from bank but investment not done. Transaction shows failed status.,2026-02-02,5.35.0,en,1,0,5
5267b0474155a55d6d162202b7df172e0d2e234c7b83287c531431dc457a2ecd,ios,1,,UPI payment failed but amount debited from my account. Need immediate refund.,2026-02-02,5.35.0,en,1,0,5
7e1003f793bb839bbe06b060b30d007fd81f52c6b948d3bdf828ea7245eee5b4,ios,1,,KYC verification stuck for 3 days. Documents uploaded but no update from team.,2026-02-02,5.35.0,en,1,0,5
34a0fbb8ed494653c1b69cb958b5aa6c26ec3adaf642dfaf111c6ff9527cf4bf,android,2,,App is extremely slow. Takes 30 seconds to load the portfolio page every time.,2026-02-08,5.35.0,en,1,0,5
0bfe7eb970d9b441675be52ec59a9556e93a46ab6deaae5c266db5343350959c,ios,2,,App is extremely slow. Takes 30 seconds to load the portfolio page every time.,2026-02-08,5.35.0,en,1,0,5
2c6e34a8af03bbffcbb0218c21ebf5abc66d139d1ed4d8681f79d9cf3f925579,android,2,,Login loop issue. App keeps logging out automatically and asking for OTP again.,2026-02-08,5.35.0,en,1,0,5
a2b16e89b942ac5dccee059a59d921486d83f5d4518158790201ff28362a0f85,ios,2,,Holdings value showing incorrect amount. Manual calculation gives different result.,2026-02-08,5.35.0,en,1,0,5
9769da6a7e57e52fa1c6b107d1c4af2704abeaceaa3bfb058813cc89080cb9e1,android,2,,NAV updates are delayed by hours. Real time pricing would make this much better.,2026-02-08,5.35.0,en,1,0,5
427f2291f650a7b4ff23fea03a485347a749571fa15f59ae908808272f5df2d8,android,2,,No callback option available. Cannot reach anyone to resolve urgent account issue.,2026-02-08,5.35.0,en,1,0,5
524b435178758e281e0df347f48d12a5272ae294f02630dd4dd9f60c7b10d8b0,android,2,,Login loop issue. App keeps logging out automatically and asking for OTP again.,2026-02-08,5.35.0,en,1,0,5
75976225be9a3b79d9dc853b144147c871780f22c8523918f7ad96f588cb1608,ios,2,,KYC process is very slow. Other apps complete it in minutes but Groww takes days.,2026-02-08,5.35.0,en,1,0,5
62ace1b0aa306e84e31ad8378d463505e5a2e7a12976902dc186a6325c151863,android,2,,Login loop issue. App keeps logging out automatically and asking for OTP again.,2026-02-08,5.35.0,en,1,0,5
17caeee7f9c1be4b140c67c93c17976e106c7ac4767b9cf551471fc8aea51b6b,android,2,,Login loop issue. App keeps logging out automatically and asking for OTP again.,2026-02-08,5.35.0,en,1,0,5
bd8a608e381ab734e2d41320948789185f7ff3cf10049f74b0f6295e42c77b1f,android,2,,Login loop issue. App keeps logging out automatically and asking for OTP again.,2026-02-08,5.35.0,en,1,0,5
96ed2523c29b69a38f9b07a6be8dd8be865298939596e6bc5a00b28f9816e2e7,android,2,,P&L calculation is wrong after latest update. Returns shown are completely incorrect.,2026-02-07,5.35.0,en,1,0,5
8ba9c83a031475f72007c6c4560184c7b39cc1460d2c507cd5ed35ceede7dc9b,android,2,,KYC process is very slow. Other apps complete it in minutes but Groww takes days.,2026-02-07,5.35.0,en,1,0,5
362975b98d892d01eaae2ad43f7cd831f5ee88a706a5f8df8250011ae2d1d266,ios,2,,New user registration is too complicated. Too many steps and keeps failing midway.,2026-02-07,5.35.0,en,1,0,5
e8df603badd9bf83ef6fd92ac2d9e99230975276e6194f47b1478460bc7bfa4c,android,2,,Login loop issue. App keeps logging out automatically and asking for OTP again.,2026-02-07,5.35.0,en,1,0,5
5012ae34a7da957cb098d54bd6e5d850095d5ed4d085ce08155e91649c9f5356,android,2,,App is extremely slow. Takes 30 seconds to load the portfolio page every time.,2026-02-07,5.35.0,en,1,0,5
2bec286057e1796afbfae4e13189db2591a0498141c2bf007aa4b23833196a9d,android,2,,P&L calculation is wrong after latest update. Returns shown are completely incorrect.,2026-02-07,5.35.0,en,1,0,5
fe7e8d36394e5cb8e5c2c0255b82047b17fc8633ad116246b44aaaa5170bfd5c,ios,2,,Login loop issue. App keeps logging out automatically and asking for OTP again.,2026-02-07,5.35.0,en,1,0,5
c38ef339eb23b3542a8fdb2477b1b4d64993a369db76c0d4e8f203d2f7a2fc2f,android,2,,Search functionality is broken. Cannot find stocks or mutual funds using search.,2026-02-07,5.35.0,en,1,0,5
8cd7ef9fd2faf70e4a9a56c97a963f62d53b390da821b83c0167c2c4bc6421b8,ios,2,,Fund transfer takes too long. Other apps credit instantly but Groww takes days.,2026-02-07,5.35.0,en,1,0,5
9b60394ed9a0a56790aeacdc5ed27fe40b7dd809d1e10004cf0a18f8e83e760c,ios,2,,P&L calculation is wrong after latest update. Returns shown are completely incorrect.,2026-02-07,5.35.0,en,1,0,5
bb71b2d32cdb729d340b8cd06bf209d6fc71e5bac20ee4c18f949157e89ce1ee,android,2,,Fund transfer takes too long. Other apps credit instantly but Groww takes days.,2026-02-07,5.35.0,en,1,0,5
27c7dcb35a1751059e418cc1f50d3edf74fee42336a045cd41762804dec42c33,ios,2,,Fund transfer takes too long. Other apps credit instantly but Groww takes days.,2026-02-07,5.35.0,en,1,0,5
ef78789f52ec9d581ef122edec9a021c279dae01b00857466b6d63b0f337f3f3,ios,2,,Holdings value showing incorrect amount. Manual calculation gives different result.,2026-02-07,5.35.0,en,1,0,5
ff04da93c6c7b62676177b9fa8f9690c8fa2bea2dafbfdab6d8b7b2c031507da,ios,2,,Bank account linking fails every time I try. Very difficult to add new bank here.,2026-02-07,5.35.0,en,1,0,5
e3e97ea58fe58ab22082007e415f912ccc6c5c807acc501cbaa65efc5993529d,android,2,,Fund transfer takes too long. Other apps credit instantly but Groww takes days.,2026-02-07,5.35.0,en,1,0,5
5ef7385dfb52be0c470eff4668f6439ea0b245f93c9801565e82c48671292635,ios,2,,No callback option available. Cannot reach anyone to resolve urgent account issue.,2026-02-06,5.35.0,en,1,0,5
692d55957e07c9ea0e1f499ba03708b6bd0017d49f18c848023429f2978eeeb4,android,2,,App is extremely slow. Takes 30 seconds to load the portfolio page every time.,2026-02-06,5.35.0,en,1,0,5
b3aacafdec3f5f2ca7328f10eae5ea6043e3a4c6941abc6c9f16db4987c66fb7,android,2,,Bank account linking fails every time I try. Very difficult to add new bank here.,2026-02-06,5.35.0,en,1,0,5
8f163d55f27f4f0be035593f562dba51cc63e4ce14a8da265f2653ad248d5b16,android,2,,No callback option available. Cannot reach anyone to resolve urgent account issue.,2026-02-06,5.35.0,en,1,0,5
f7c32fd7b22349f8881aa886d7c4e5784351c7d52dd97c90e87ddff2e19cd035,android,2,,Login loop issue. App keeps logging out automatically and asking for OTP again.,2026-02-06,5.35.0,en,1,0,5
77ff36fdf9985a2315f09a050f68e030f13356208e127ef6bf2d935112b3141f,ios,2,,Support chat takes forever. Issue unresolved even after multiple follow-ups daily.,2026-02-06,5.35.0,en,1,0,5
1ba40639a6d339d7fa424f5e5378e2bef44fd77a34fe5e63e4ffd77c3d809357,android,2,,Login loop issue. App keeps logging out automatically and asking for OTP again.,2026-02-06,5.35.0,en,1,0,5
1daf85b8b7b7053d17cf3ea6656e6e27400d381c6a83fba98dc23a681e1c1f9e,ios,2,,Login loop issue. App keeps logging out automatically and asking for OTP again.,2026-02-06,5.35.0,en,1,0,5
a67cb4079cf8f3e2831f656036652b727b9bb787ab3ebedc9f487e91d700f1db,android,2,,Support chat takes forever. Issue unresolved even after multiple follow-ups daily.,2026-02-06,5.35.0,en,1,0,5
452f668d68cee8b77433122bbdaafa1668c454dc896441d7cb94fdb73d787686,android,2,,Holdings value showing incorrect amount. Manual calculation gives different result.,2026-02-06,5.35.0,en,1,0,5
845c4ab90c1f420c22547f746ec73df607ed3b57719643dc87475c576457db2a,android,2,,Support chat takes forever. Issue unresolved even after multiple follow-ups daily.,2026-02-06,5.35.0,en,1,0,5
35102fce65e4b532e6f17ec9d68d4f5afcc31eddbfd790dd2911c5a591a8b33a,android,2,,Bank account linking fails every time I try. Very difficult to add new bank here.,2026-02-06,5.35.0,en,1,0,5
dac15ecdc8fa83f7718d117c7a68917df1bb808b32ea3a2d35d81f089391b472,ios,2,,KYC process is very slow. Other apps complete it in minutes but Groww takes days.,2026-02-06,5.35.0,en,1,0,5
37dc4f2386539562e838ee849fd36453425e57fa276c11eece8562f7cb8806d6,android,2,,Fund transfer takes too long. Other apps credit instantly but Groww takes days.,2026-02-06,5.35.0,en,1,0,5
04433e41de3e2ab8fb01f32e62417c939c0b4608446b1fce124bf1403e6411ac,android,2,,Support chat takes forever. Issue unresolved even after multiple follow-ups daily.,2026-02-06,5.35.0,en,1,0,5
61fc3f760e5455688adfa275ba1ba3a5882b19a5aefb8d7c98aa5ac98856d1e4,ios,2,,Login loop issue. App keeps logging out automatically and asking for OTP again.,2026-02-05,5.35.0,en,1,0,5
aa398a62b55fb5832bf4b5b3303b74fc6c86a95a90cbd0f2c8a0bc44bcffe8a1,android,2,,Support chat takes forever. Issue unresolved even after multiple follow-ups daily.,2026-02-05,5.35.0,en,1,0,5
6f7a6b1395868f3b2ceff546bd99e3a32dac422acb1996f3b1511c58f712e434,android,2,,Bank account linking fails every time I try. Very difficult to add new bank here.,2026-02-05,5.35.0,en,1,0,5
0c0344d8754bc6643ef6272d8f7d4ad7dbcf13f358d9b28e2f9d7f945b557b6d,ios,2,,Fund transfer takes too long. Other apps credit instantly but Groww takes days.,2026-02-05,5.35.0,en,1,0,5
29873e543258fed42a756c4e33dde4c6853d5dcdb5f13b9133c653f4357c019f,ios,2,,Support chat takes forever. Issue unresolved even after multiple follow-ups daily.,2026-02-05,5.35.0,en,1,0,5
5e8e42b8df82a22c80cb269c508771069daf134a7aaf92acfd681a27d947190f,android,2,,New user registration is too complicated. Too many steps and keeps failing midway.,2026-02-05,5.35.0,en,1,0,5
63441999e1f279eadedd362aaefacbf0d0f63c824d63fd531247b729d2207e28,ios,2,,App is extremely slow. Takes 30 seconds to load the portfolio page every time.,2026-02-05,5.35.0,en,1,0,5
74515cdd3ff9345c2cfc05139b0c1a4a8d0d1093e2312cf6b92c457e1444dd8f,ios,2,,Bank account linking fails every time I try. Very difficult to add new bank here.,2026-02-05,5.35.0,en,1,0,5
f257d01837b1bc1ddf219b50dc41514de025189434734bd59f87b6aaaedd7988,android,2,,Login loop issue. App keeps logging out automatically and asking for OTP again.,2026-02-05,5.35.0,en,1,0,5
9744b0e1428cb00456a71e2d65c3e3b5fdd7895881fb230aa28a025e9a8dd59d,ios,2,,Login loop issue. App keeps logging out automatically and asking for OTP again.,2026-02-05,5.35.0,en,1,0,5
a0dc48c151bf783e67ba3623ce8c6db70daf34f2af17afb16bcd2bc12f65a737,android,2,,Support chat takes forever. Issue unresolved even after multiple follow-ups daily.,2026-02-05,5.35.0,en,1,0,5
d636ac67db07130623b600c85df15d179199d13f81909aa1013fcfbd37d1f40d,android,2,,Fund transfer takes too long. Other apps credit instantly but Groww takes days.,2026-02-05,5.35.0,en,1,0,5
6a85f0aa3e64f27f77f06cbdc24029b5b67380e75b73639357e78914be8524a4,ios,2,,P&L calculation is wrong after latest update. Returns shown are completely incorrect.,2026-02-05,5.35.0,en,1,0,5
ce5b59762d0314e86c1569ab5d5de077b64957c9e594561d1f9f1886cce3461b,ios,2,,No callback option available. Cannot reach anyone to resolve urgent account issue.,2026-02-05,5.35.0,en,1,0,5
47d4ca0aae6463ef6cb08f53ff06fd567d7c35fbe9345d117df077ce7f8dddbc,ios,2,,P&L calculation is wrong after latest update. Returns shown are completely incorrect.,2026-02-04,5.35.0,en,1,0,5
1ebd8ff4895146592a3feeb21fb2cde7c37858bed6edb3f21c3bbe680d6c72e8,ios,2,,App is extremely slow. Takes 30 seconds to load the portfolio page every time.,2026-02-04,5.35.0,en,1,0,5
c63245714eece6548f68783356494549a970e7abe8219151971e3d7c71bb0fb5,ios,2,,App is extremely slow. Takes 30 seconds to load the portfolio page every time.,2026-02-04,5.35.0,en,1,0,5
79f91371409e49477fc3ae93738ecb8d133596ec6dbaf9c8ec6f698507babadc,ios,2,,Bank account linking fails every time I try. Very difficult to add new bank here.,2026-02-04,5.35.0,en,1,0,5
54c590ad64391af425e2844f1adde2e43e57648fc781bef1ea6ea6003d10c2df,android,2,,App is extremely slow. Takes 30 seconds to load the portfolio page every time.,2026-02-04,5.35.0,en,1,0,5
ba7be36aaf1aa73b670418a140569688305d79262a280643ee768a4832784136,ios,2,,New user registration is too complicated. Too many steps and keeps failing midway.,2026-02-04,5.35.0,en,1,0,5
f588b6b2760bf9a00b99d15d4ed87ea13a4d29b46995c10ff5f505094e072c0f,android,2,,NAV updates are delayed by hours. Real time pricing would make this much better.,2026-02-04,5.35.0,en,1,0,5
e0c90c2121da3f5ff8183f5d48b5056c4a035ba5d369d6b101fe395b1376132f,android,2,,App is extremely slow. Takes 30 seconds to load the portfolio page every time.,2026-02-04,5.35.0,en,1,0,5
d9e656a0393c1560730339095f7ec6e07bde709174192bdea9dcca6054653b89,android,2,,No callback option available. Cannot reach anyone to resolve urgent account issue.,2026-02-04,5.35.0,en,1,0,5
eed86fd0b8cf6f8943c8ac08492597b32f191e49e2792ea85e8943a280a4460b,android,2,,New user registration is too complicated. Too many steps and keeps failing midway.,2026-02-04,5.35.0,en,1,0,5
9ab031c44d5ede0618a01ba2f2e1550bb27650a16dcc50ca28e0915efea9f033,ios,2,,KYC process is very slow. Other apps complete it in minutes but Groww takes days.,2026-02-04,5.35.0,en,1,0,5
45659d813b09137d909066f8f65145d27974f32e20f7261762ab7e18eccec0ae,android,2,,New user registration is too complicated. Too many steps and keeps failing midway.,2026-02-04,5.35.0,en,1,0,5
d71b3470aeaddd039d37e311cbc3d49e3e31d172b2afa9fe6f461fc27967b33e,android,2,,KYC process is very slow. Other apps complete it in minutes but Groww takes days.,2026-02-04,5.35.0,en,1,0,5
e2e040e6440870d03a1d72350152ef99a0b51497fb43d78bb69688cf624dcb5d,ios,2,,App is extremely slow. Takes 30 seconds to load the portfolio page every time.,2026-02-03,5.35.0,en,1,0,5
ab9e26d59cb7ad89149cc963e78912b4b70edb2394ec8781f6805233b8a721e4,ios,2,,Search functionality is broken. Cannot find stocks or mutual funds using search.,2026-02-03,5.35.0,en,1,0,5
a9b335f04d115355ef8e1fb939af1b932cc22540b93b0ef53adac0821287ad45,android,2,,NAV updates are delayed by hours. Real time pricing would make this much better.,2026-02-03,5.35.0,en,1,0,5
705939ae02e252b3eda7eb8cd89b24de70cb4d54b10ff28e925ca90f9d3aff5e,ios,2,,Search functionality is broken. Cannot find stocks or mutual funds using search.,2026-02-03,5.35.0,en,1,0,5
d34320fa890d6de8eb1cec3f5d4fbba52bd1e9f429b8103674fc78ec8b513af1,android,2,,App is extremely slow. Takes 30 seconds to load the portfolio page every time.,2026-02-03,5.35.0,en,1,0,5
2d9f30d104598519bca25165572506a25392310e742bb33b0e880dec4e8a84f9,ios,2,,No callback option available. Cannot reach anyone to resolve urgent account issue.,2026-02-03,5.35.0,en,1,0,5
3e77645adb6dc2e275c67d63841050a5fbebe4daf52eaecb3c808dfd47c76b27,android,2,,New user registration is too complicated. Too many steps and keeps failing midway.,2026-02-03,5.35.0,en,1,0,5
71a00c9fc245b156fb59636bdab9f371fd82e6932d5bbd1263dd7d919adb604b,ios,2,,Search functionality is broken. Cannot find stocks or mutual funds using search.,2026-02-02,5.35.0,en,1,0,5
e514291594f47db5ed30c89a955b6cdbdd136ae3ec311598a20aa6df706df073,ios,2,,Holdings value showing incorrect amount. Manual calculation gives different result.,2026-02-02,5.35.0,en,1,0,5
68a7db5cc749b70a0dc21f86ed668898f48209aa79588705e2360cf876703b75,android,2,,Login loop issue. App keeps logging out automatically and asking for OTP again.,2026-02-02,5.35.0,en,1,0,5
34e6300cc0422eccf07d586493f533d12a859ddd28851649d74107406214d959,android,2,,KYC process is very slow. Other apps complete it in minutes but Groww takes days.,2026-02-02,5.35.0,en,1,0,5
b0d2052da6cbb40a6109c48aa9eced0c3b7ae6e9d44b079c760581d5cd7d7ba9,ios,2,,Bank account linking fails every time I try. Very difficult to add new bank here.,2026-02-02,5.35.0,en,1,0,5
85518032ae51fbe78a878cd076bc850f00214c81d3501d2070d80641a6e0f85d,android,2,,Fund transfer takes too long. Other apps credit instantly but Groww takes days.,2026-02-02,5.35.0,en,1,0,5
85363f2ca4c275ed2ceb99130a7bc8d5cee9d62f52cbf4b6f9ec08e3e6ac9307,ios,2,,Bank account linking fails every time I try. Very difficult to add new bank here.,2026-02-02,5.35.0,en,1,0,5
3475d4e2ecb70800dc18513d24924372337dfb951cdc2b3c4f250900755b5d97,ios,2,,Search functionality is broken. Cannot find stocks or mutual funds using search.,2026-02-02,5.35.0,en,1,0,5
08fb3c198c512d53a3dc347ff07965261fc5d17083f5d87e7473e1f4bf2bba25,ios,2,,No callback option available. Cannot reach anyone to resolve urgent account issue.,2026-02-02,5.35.0,en,1,0,5
35960251f01c2079e74db3d911a059eda12b492e568fc4dd8700c9fc82aa1b33,ios,2,,KYC process is very slow. Other apps complete it in minutes but Groww takes days.,2026-02-02,5.35.0,en,1,0,5
c4b7b69e043bf065a36149f674dae41fb65609dd25e77bcfc57d1237a742b392,ios,2,,App is extremely slow. Takes 30 seconds to load the portfolio page every time.,2026-02-02,5.35.0,en,1,0,5
2badd0a7739cab8a606b952d5236b67261c51f739a0eeded789b70d9258d3e16,android,2,,Fund transfer takes too long. Other apps credit instantly but Groww takes days.,2026-02-02,5.35.0,en,1,0,5
2b9deff270894ca2e91306563982719b877a31cc614fa374c3488290e2fdc635,ios,2,,Support chat takes forever. Issue unresolved even after multiple follow-ups daily.,2026-02-02,5.35.0,en,1,0,5
04c190b420bd74b88fb7097ae42f144e01e8dfbc7b0735dbf02bc7ef1d31cebf,android,2,,Bank account linking fails every time I try. Very difficult to add new bank here.,2026-02-02,5.35.0,en,1,0,5
f7f9bc7e85cbce303acfc2fd3b265be2a77a381bad75a883362be1fccfb85a6f,ios,2,,No callback option available. Cannot reach anyone to resolve urgent account issue.,2026-02-02,5.35.0,en,1,0,5
17bdc13b528da92c17e92841d7b8675110a51b2a98621b59215b5dfc9c270658,android,2,,Fund transfer takes too long. Other apps credit instantly but Groww takes days.,2026-02-02,5.35.0,en,1,0,5
a5c502d40150497ce1f9c3470211f6ea83d066ab40a8bb2d890fed541acab2df,ios,2,,P&L calculation is wrong after latest update. Returns shown are completely incorrect.,2026-02-02,5.35.0,en,1,0,5
88d298e7eae2d257ca3088fa37f7ba5a39aa4edfe35eed41f892c32e5f56c7fd,ios,2,,New user registration is too complicated. Too many steps and keeps failing midway.,2026-02-02,5.35.0,en,1,0,5
1689732e42ee956487f667cf51380fe2ae80cc3ae7ea1ccaebd0c0bb81ab64dd,ios,3,,App performance degraded after recent update. Previous version was much better.,2026-02-08,5.35.0,en,1,0,5
4578eeed5d3746862e3b62160bb24989d196e8b6df7d56fff236733c6bf7d334,ios,3,,Support is slow but eventually resolves issues. Response time needs improvement.,2026-02-08,5.35.0,en,1,0,5
4bce171f3718e435f7b842b7c8252830f6547c9d7ba98bd71f27dd2e4403c888,android,3,,App performance degraded after recent update. Previous version was much better.,2026-02-08,5.35.0,en,1,0,5
3e27e1f038e5c002224907e9c8a93a6d762eecd95553fd73cb8eaaa72793dc80,android,3,,Portfolio graph not loading properly. Shows error when trying to view performance.,2026-02-08,5.35.0,en,1,0,5
aefc78b50a2e567262ea81a0d3fb399ad05f6122a88b2a1bf8aefe195f20681c,ios,3,,App performance degraded after recent update. Previous version was much better.,2026-02-08,5.35.0,en,1,0,5
39765b077a712ce8077417f1c85fba038f171e07f8c63a1707eb51bd4b7411bb,ios,3,,App performance degraded after recent update. Previous version was much better.,2026-02-08,5.35.0,en,1,0,5
4f48ec9858be32a239458b31e2ef3d77cba930a6f0118e1101af27257ccfbaab,android,3,,Support is slow but eventually resolves issues. Response time needs improvement.,2026-02-08,5.35.0,en,1,0,5
7a2f2bf0bd878c0b05ee1fe23c64e3ba0116d956e215aaef0d64aa693febd11f,ios,3,,KYC took 4 days. Not great but eventually worked. Process needs to be faster.,2026-02-07,5.35.0,en,1,0,5
12da996b219229ba071fa8b54651f09e089405ec219712493f750058bbc1bf6a,ios,3,,Support is slow but eventually resolves issues. Response time needs improvement.,2026-02-06,5.35.0,en,1,0,5
f938b172a4288eee445a1ac310e922b9009d6df4bd110baab572c959aa77016f,ios,3,,App performance degraded after recent update. Previous version was much better.,2026-02-06,5.35.0,en,1,0,5
711991567e6414f6842935dccf2cb3e5ce94238b44e7271ff8d272dd9c48fde5,android,3,,Returns tracking is decent but comparison benchmark feature needs improvement.,2026-02-06,5.35.0,en,1,0,5
5b0825276c764296808677318fd05d6f8d38a4ad4b6e47c2db8ca4973029b632,ios,3,,Returns tracking is decent but comparison benchmark feature needs improvement.,2026-02-06,5.35.0,en,1,0,5
d25c4d079185e7b115f9732c1ca359bfc9578c2bffa1ec0a7246581d86e5f862,android,3,,Portfolio graph not loading properly. Shows error when trying to view performance.,2026-02-06,5.35.0,en,1,0,5
b4325be246d1bedd435962af0ef2787056fb39cfee8cb7adef5a317b98852c64,android,3,,Support is slow but eventually resolves issues. Response time needs improvement.,2026-02-06,5.35.0,en,1,0,5
96f0dca1924da192b685793931dd0a73840944c2ad7d1ba488e9c0f70e22b334,android,3,,Returns tracking is decent but comparison benchmark feature needs improvement.,2026-02-05,5.35.0,en,1,0,5
de18b2acc87d218431ed319448a4c6a19753cb7fa14f8995d7ce091a8c4adb9a,ios,3,,KYC took 4 days. Not great but eventually worked. Process needs to be faster.,2026-02-05,5.35.0,en,1,0,5
741f3300cd7e47ec7ddbfed577cec0c751a0d5a07639afe51b0d0fbae4ae991b,android,3,,App performance degraded after recent update. Previous version was much better.,2026-02-05,5.35.0,en,1,0,5
ae2badcb11fb7cf6506cd872e5d77a748200a9f585f4d07d75ad463a712924c4,ios,3,,Support is slow but eventually resolves issues. Response time needs improvement.,2026-02-05,5.35.0,en,1,0,5
aed1ff2d4e16182be264a22a171525857f0b2228c4d292a990db647b0c46d81b,ios,3,,Portfolio graph not loading properly. Shows error when trying to view performance.,2026-02-04,5.35.0,en,1,0,5
c70270e9a03a719310db28d1f8d5092d96af02b44181fb7e4153155b259748c2,ios,3,,KYC took 4 days. Not great but eventually worked. Process needs to be faster.,2026-02-04,5.35.0,en,1,0,5
feed6221e20c85a3253fd1da81ef4ea3e5e8656d4159a1da32b7cb72781ea21e,ios,3,,Support is slow but eventually resolves issues. Response time needs improvement.,2026-02-04,5.35.0,en,1,0,5
f3a0c80b285a553424c373c7222331f26d68761f35374992e0fab362245c872c,android,3,,Support is slow but eventually resolves issues. Response time needs improvement.,2026-02-04,5.35.0,en,1,0,5
b2617c235b8620e369d61312fb6f48f4b13a500aad9c0f3be683b3170cc8a15d,android,3,,KYC took 4 days. Not great but eventually worked. Process needs to be faster.,2026-02-03,5.35.0,en,1,0,5
efb7a558ccdc8238ee7d101531c6d5b9a70f187cec878e10f153044d4ab0da5e,ios,3,,KYC took 4 days. Not great but eventually worked. Process needs to be faster.,2026-02-03,5.35.0,en,1,0,5
0f2a4b9608d6e79d21c01a5e19d423d9d910e47a80caeb841aa689305586a9c0,ios,3,,Support is slow but eventually resolves issues. Response time needs improvement.,2026-02-03,5.35.0,en,1,0,5
c52acb795e5a448cad105ff133c3b9cf430ef2c2ee5722eb3b3efef53ada6718,android,3,,Support is slow but eventually resolves issues. Response time needs improvement.,2026-02-03,5.35.0,en,1,0,5
7af14b56f21b85a0d33e24a1570fad238fc764837a23b9597cf0ac2e48cc91e8,android,3,,Support is slow but eventually resolves issues. Response time needs improvement.,2026-02-03,5.35.0,en,1,0,5
37c4c645f657056c7f9fb23aeeae3c6086eddffb92da546be2b60d7ccbfeb7ea,android,3,,Returns tracking is decent but comparison benchmark feature needs improvement.,2026-02-03,5.35.0,en,1,0,5
7d73e77790f6a872714c6107410d304c7f191ca2112968fcc8a57b5622baa450,ios,3,,KYC took 4 days. Not great but eventually worked. Process needs to be faster.,2026-02-03,5.35.0,en,1,0,5
1297152bdbc562929d37741c4945a073061d7a603e6c60f6de378e01b2d8660c,ios,3,,Support is slow but eventually resolves issues. Response time needs improvement.,2026-02-03,5.35.0,en,1,0,5
02abe6a6e1d23654f1c4bc966183fb1d1134e63e757f4931a4e81c5ef3b865b2,android,3,,KYC took 4 days. Not great but eventually worked. Process needs to be faster.,2026-02-03,5.35.0,en,1,0,5
dc29d7fafa111f60a73a23913b2a354219db72b6b7799375a28aaeb80071e3e1,android,3,,Portfolio graph not loading properly. Shows error when trying to view performance.,2026-02-02,5.35.0,en,1,0,5
e0772bc28b5f4674e3656d4f58ba6ca95e36de0a4df80fa3b4fb166a3c8f9baa,ios,3,,Support is slow but eventually resolves issues. Response time needs improvement.,2026-02-02,5.35.0,en,1,0,5
efca39962aeacb9edc75565a917001a2e8a93f931848bdfe8cc8d78e304dfabc,ios,3,,Returns tracking is decent but comparison benchmark feature needs improvement.,2026-02-02,5.35.0,en,1,0,5
25d09d81f02d8ff32d6277418be4dcdbbd260dc5897aae00a35b8281c83d1cda,ios,3,,Portfolio graph not loading properly. Shows error when trying to view performance.,2026-02-02,5.35.0,en,1,0,5
4e123f2174f62364ae092506b258dcabf32d120e460d843368bd971fad565120,android,3,,Returns tracking is decent but comparison benchmark feature needs improvement.,2026-02-02,5.35.0,en,1,0,5
d8a46ee14277ba091ac125e5969bb4dd71959400762297dc7b812c16bc65c1f0,android,3,,App performance degraded after recent update. Previous version was much better.,2026-02-02,5.35.0,en,1,0,5
4a9a9460ca4a097226286a5c582fe01d5906e6d39e73dd0ac791ec58f75881d6,android,3,,Portfolio graph not loading properly. Shows error when trying to view performance.,2026-02-02,5.35.0,en,1,0,5
f82a5e4fab49e26e74448d66ae1880194936189232d0c7d1653ef7153f410822,ios,3,,Support is slow but eventually resolves issues. Response time needs improvement.,2026-02-02,5.35.0,en,1,0,5
9c6c079e4745cc52594c8aff2ccece05f646743956a29db7af37d7d930e5e7c1,ios,4,,Good portfolio tracking overall but chart analysis tools could be more detailed.,2026-02-08,5.35.0,en,1,0,5
7d37ccffad2490c1ddd49eae0a1e0cb1d2167540f47642f5b66e944c60fe0dbf,ios,4,,Good app overall. Some minor bugs but generally a reliable investment platform.,2026-02-07,5.35.0,en,1,0,5
16c01602cacdfeb4943b42b6f72f8742aac4939e93de45c7ad84d5536263e02c,android,4,,Portfolio view is clean and simple. Would love to see more detailed analytics here.,2026-02-07,5.35.0,en,1,0,5
90a4cef922eae1505ebecd938ab16e3383a99121d6f287e7fccc120d7cd746d3,android,4,,Nice interface and easy navigation. Would love more advanced charting tools though.,2026-02-07,5.35.0,en,1,0,5
c383b2c7eefb725b00b578367149f1546f7f1b6a2493f20738b77d91d93f317e,android,4,,Good app overall. Some minor bugs but generally a reliable investment platform.,2026-02-06,5.35.0,en,1,0,5
b348ba4e87699fb865e22d020fdb0f23360ea592fef8aab655792644c05a57ac,android,4,,Good app overall. Some minor bugs but generally a reliable investment platform.,2026-02-05,5.35.0,en,1,0,5
d8d18f20450be1e14e02daacd53e42d6e208cd722cc0c369e542d0bc40518d62,ios,4,,Nice interface and easy navigation. Would love more advanced charting tools though.,2026-02-04,5.35.0,en,1,0,5
526e3fe75e073e004858a0d52cce86f1fc5995d74dfdbc5b147870e3b0b43644,ios,4,,Good portfolio tracking overall but chart analysis tools could be more detailed.,2026-02-04,5.35.0,en,1,0,5
a65914b22f7da99dedf055c53665b79de23047705afc48f7923271f742c07c9a,ios,4,,Nice interface and easy navigation. Would love more advanced charting tools though.,2026-02-04,5.35.0,en,1,0,5
d0dcd0f8f4d787a8c9d0395a04ce9d223a093cfc1c7ef372eaa5ce5f5a7d2f84,android,4,,Good app overall. Some minor bugs but generally a reliable investment platform.,2026-02-04,5.35.0,en,1,0,5
587df6567e9852a5ab20b3e21111231c84245e3355c1ed337fc2062a06c5701e,android,4,,Good app overall. Some minor bugs but generally a reliable investment platform.,2026-02-03,5.35.0,en,1,0,5
83f667de40142fde57e45be0e1c16e448665779fa78b47440e459c30043a8a7f,ios,4,,Nice interface and easy navigation. Would love more advanced charting tools though.,2026-02-03,5.35.0,en,1,0,5
c71d4dd22b1a1be4af92a2531004548ff9946230bac52b37cb07dd8ae6156189,android,4,,Portfolio view is clean and simple. Would love to see more detailed analytics here.,2026-02-03,5.35.0,en,1,0,5
a6de8991691e5b23e2bc7c7ad9dfe717e23190003f7b2dd3ef773af0b549a42d,ios,4,,Portfolio view is clean and simple. Would love to see more detailed analytics here.,2026-02-02,5.35.0,en,1,0,5
3bb32a89e671d751946677414cbd39c6824af61350ef99fc6afcbf68b997e85a,ios,5,,Fast order execution for stocks. Best trading platform for retail investors in India.,2026-02-08,5.35.0,en,1,0,5
ce49bbcd087b097f69dc6a71c1e93200e649bbaa007e4e2d67d1137828a640f2,android,5,,Love the zero commission on direct mutual funds. Saving a lot on charges overall.,2026-02-08,5.35.0,en,1,0,5
51b7f4aea073af6d96ed6761be982ef893f6291cb547f4b48390f5d193a3813a,android,5,,Fast order execution for stocks. Best trading platform for retail investors in India.,2026-02-08,5.35.0,en,1,0,5
e054eb7e8986589bad9f6ce4aa5fec2caf24270f17d3a6fb3840002cc62db982,ios,5,,Excellent app for beginners. Started my investment journey easily. Very satisfied.,2026-02-08,5.35.0,en,1,0,5
5522ef3284eb97e82f7aaf59fcb0fd74e450abf8942b701dbc213b1ba6cd03be,android,5,,SIP setup is very easy and smooth. Returns tracking is excellent. Highly recommend.,2026-02-08,5.35.0,en,1,0,5
53e1164c4c2441744a912da17a3ff9a13b6ab1abab4ab40041367b358c787208,android,5,,Best investment app in India. Simple clean interface and great mutual fund options.,2026-02-08,5.35.0,en,1,0,5
aed4bee7d1aee5bbe63667ecf9ed5a99300c581f4b0269cfe1cbba28fa89587c,ios,5,,Best investment app in India. Simple clean interface and great mutual fund options.,2026-02-08,5.35.0,en,1,0,5
fa9330026395a9caa2c16e2c3cb23f5e3b8eac471d407c8f0fae893f1e2d5850,android,5,,SIP setup is very easy and smooth. Returns tracking is excellent. Highly recommend.,2026-02-07,5.35.0,en,1,0,5
f634e568e9589705af6fb8622beafa43ac03af7d71aacc419f14ddea2afa0e3d,android,5,,Best investment app in India. Simple clean interface and great mutual fund options.,2026-02-06,5.35.0,en,1,0,5
a36a9c58564bf8139355708e476990862669ca2abef14f2ed8aecc7716ab9f29,android,5,,Excellent app for beginners. Started my investment journey easily. Very satisfied.,2026-02-06,5.35.0,en,1,0,5
a3e855605e05b2c9ca9c9970507c30ac97d4fd26f3d043d86f6627bcaf6dd888,ios,5,,Excellent app for beginners. Started my investment journey easily. Very satisfied.,2026-02-06,5.35.0,en,1,0,5
bc0ac84f177b77b585175bbff76a2f0dc30940fd597a824ec7bd793d6bf104dc,ios,5,,Best investment app in India. Simple clean interface and great mutual fund options.,2026-02-06,5.35.0,en,1,0,5
6388d9fb2855ac90227adb8ca899c1c81e5029d37fd9b411a361fd497bc91bd6,ios,5,,Excellent app for beginners. Started my investment journey easily. Very satisfied.,2026-02-05,5.35.0,en,1,0,5
02274ec87bbc2c36b8d90747b54b5751a07c565f54c84c97d437f2632694e1c4,ios,5,,Love the zero commission on direct mutual funds. Saving a lot on charges overall.,2026-02-05,5.35.0,en,1,0,5
e7da58ab17e0b848ebb3b751a292fa252533cbebbcf638c9f874ca15393104d5,ios,5,,Love the zero commission on direct mutual funds. Saving a lot on charges overall.,2026-02-05,5.35.0,en,1,0,5
b563968fc3a00c431712f63dc5a6c9b6ca9320e35a958fedb3180699c3e3e818,ios,5,,Excellent app for beginners. Started my investment journey easily. Very satisfied.,2026-02-05,5.35.0,en,1,0,5
40cf427109a683d9017299664c44dcaa6ce0e45c414ca16c5df7ca305264d7f3,ios,5,,Love the zero commission on direct mutual funds. Saving a lot on charges overall.,2026-02-05,5.35.0,en,1,0,5
bc2aeff7f8375e868a311b99f3c9dc90ec6b3bd7c48fd10afb3302c30cc2ee68,ios,5,,Fast order execution for stocks. Best trading platform for retail investors in India.,2026-02-05,5.35.0,en,1,0,5
0bfd09d2ae56570455504ee41aa77691c96a9ff67a673de1bb8829e7295c0f2f,ios,5,,Fast order execution for stocks. Best trading platform for retail investors in India.,2026-02-04,5.35.0,en,1,0,5
688f16a4363f2f01472017fc9648cc9857e0ef2c7ca5af0f5e709f8f5b153e98,android,5,,SIP setup is very easy and smooth. Returns tracking is excellent. Highly recommend.,2026-02-04,5.35.0,en,1,0,5
ebb47f8bdaa9bfef250e8080ea24d74a918ec12737fd84a6187fdcbd0af4d61d,android,5,,SIP setup is very easy and smooth. Returns tracking is excellent. Highly recommend.,2026-02-04,5.35.0,en,1,0,5
f50395f65df4cab6f057eae7f9869fd9b6d6452955127655ea64b1342628ed75,ios,5,,Fast order execution for stocks. Best trading platform for retail investors in India.,2026-02-04,5.35.0,en,1,0,5
de6d323460c83e69fe4108c9ad5281a9503e3c53353b61d65e8fc809c50338b5,ios,5,,SIP setup is very easy and smooth. Returns tracking is excellent. Highly recommend.,2026-02-04,5.35.0,en,1,0,5
6ada1b25fdbac69b3944f9a988800710b8b894e81c39d8fed1c61be86024498a,android,5,,Love the zero commission on direct mutual funds. Saving a lot on charges overall.,2026-02-03,5.35.0,en,1,0,5
6685d2d3d1ac9f2af9357dbd9ed5f9dffda67ca63ca797a1b8d4fb225f474791,android,5,,SIP setup is very easy and smooth. Returns tracking is excellent. Highly recommend.,2026-02-03,5.35.0,en,1,0,5
2152b418c07da009b1b606b1e19344c1c7e308e7516c1c538358b248f747f4c2,ios,5,,Excellent app for beginners. Started my investment journey easily. Very satisfied.,2026-02-03,5.35.0,en,1,0,5
6196485673f1886f4450b0985c9a1890b3a497713d430325c531d9efd6c3b36a,android,5,,Excellent app for beginners. Started my investment journey easily. Very satisfied.,2026-02-03,5.35.0,en,1,0,5
cf0726edc1373ad57bbbb9c71f29ae848b2d205af8326bdd92ab4593d3757ba0,ios,5,,Love the zero commission on direct mutual funds. Saving a lot on charges overall.,2026-02-03,5.35.0,en,1,0,5
c156c766d159a7316558b53e17f96071af942a7b76b0d391b86054e8c7456396,android,5,,Fast order execution for stocks. Best trading platform for retail investors in India.,2026-02-03,5.35.0,en,1,0,5
f0daadb00a3bae5b9047a89e58ddd8caba7ceb6dd0845b3158b193892a2b0c13,android,5,,SIP setup is very easy and smooth. Returns tracking is excellent. Highly recommend.,2026-02-03,5.35.0,en,1,0,5
62d36e73edec0483d262b746543232ef0152257b8844ec94d6dcab9901f580f4,android,5,,SIP setup is very easy and smooth. Returns tracking is excellent. Highly recommend.,2026-02-02,5.35.0,en,1,0,5
6ca9d75b94d6d813fbebd5a4659946c7f0dbd0a1f7a0e590df557dc07ff8feef,android,5,,Excellent app for beginners. Started my investment journey easily. Very satisfied.,2026-02-02,5.35.0,en,1,0,5
